Event Name,Founding Year,Significance,Location,Founders,Annual Occurrence,Historical Context,Attendance Numbers,Attendance Growth,Criticisms Faced,Impact on LGBTQ+ Community,Rentboy.com,International Escort Awards,Hustlaball,Attendance,Parade Route,Economic Impact,Special Decorations,Locations,Duration,Awards/Recognition,Winners,Representation at Mr. Gay World,trigger
Yangon Pride,2014,"Organized by <tgr>&PROUD</tgr>, includes LGBTIQ Film Festival, 'On The Road' programme, community space, mental health service, funded by international donors","Yangon, Myanmar","3 co-founders, Colors Rainbow",Annually in January,"Started in 2014, no large public LGBT events in Myanmar, same-sex relations illegal, first activity was a queer photo exhibition, film festival in 2014, government permission in 2018, name changed to Yangon Pride in 2019",,,,,,,,,,,,,,,,,&PROUD
Aarhus Pride,2012,"Largest Danish LGBT event outside Copenhagen, first held in 2012, managed by private individuals from the LGBT community, supported by city funds","Aarhus, Denmark","Private individuals from the LGBT community, city of Aarhus",Annually in June,"First event in 2012, attracts about 6,000 participants, parade through Latin Quarter, festival with sports, children's area, booths, and stage activities",,,,,,,,,,,,,,,,,Aarhus Pride
Abhimani Film Festival,2006,"Oldest LGBTIQ film festival in South Asia, only LGBTIQ film festival in Sri Lanka, screens local and international films, educates on LGBT issues","Colombo, Sri Lanka","Organizers, supporters",Annually in June,"Established in 2006, screens feature and short films, aims to educate on LGBT issues, begins on June 18, 2018",,,,,,,,,,,,,,,,,Abhimani Film Festival
AIDS Walk New York,1986,"Largest walkathon in the world benefiting AIDS service organizations, founded in 1986, raised $7.4 million in 2008, 45,000 participants, started at Lincoln Center","Central Park, New York City, USA","Gay Men's Health Crisis, local AIDS service organizations",Annually,"Inaugural event raised over $700,000 with 6,000 participants, significant growth in participants and funds raised over the years, notable participants and hosts, held annually in Central Park",,,,,,,,,,,,,,,,,AIDS Walk New York
Alternative Miss Ireland,1987,"Annual beauty pageant open to men, women, and animals, non-profit raising money for Irish HIV/AIDS organizations, features beauty pageant rounds, known as Gay Christmas","Dublin, Ireland","Panti, Irish HIV/AIDS organizations",Annually on the Sunday closest to St. Patrick's Day,"Started in 1987, inspired by Andrew Logan's Alternative Miss World, held in various venues including Sides nightclub, The Red Box, and Olympia Theatre, featured in Gay Community News magazine, fundraising for HIV/AIDS charities",,,,,,,,,,,,,,,,,Alternative Miss Ireland
Aomori International LGBT Film Festival,2006,"Focuses on diverse gender representations, held at Auga in Aomori city, started in 2006","Aomori Prefecture, Japan","Local organizers, supporters",Annually in July,"Annual event since 2006, showcases diverse gender representations, venue at Auga in Aomori city, specific dates for each year from 2006 to 2014",,,,,,,,,,,,,,,,,Aomori International LGBT Film Festival
LGBT Rights in Greece,Early 21st Century,"Legal recognition of same-sex unions, anti-discrimination laws, hate speech legislation, civil unions for same-sex couples, recognition of gender identity for transgender individuals, vibrant gay culture in cities like Athens and Thessaloniki",Greece,"Greek government, LGBT activists",Ongoing,"Evolution of LGBT rights in Greece, legal milestones, social acceptance, vibrant gay culture in major cities",,,,,,,,,,,,,,,,,Athens Pride
Atlanta Pride,1971,"One of the oldest and largest pride festivals in the US, attendance around 300,000, originally held in June, moved to October in 2008, commemorates Stonewall Riots","Atlanta, Georgia","Atlanta Pride Committee, local activists",Annually in October,"Established in 1971, began as a response to police raids on gay bars, inspired by Stonewall Riots, grew from a small protest march to a week-long festival",,,,,,,,,,,,,,,,,Atlanta Pride
Augusta Pride,2010,"Hosts pride parade and festival in downtown Augusta, two-day festival at Augusta Commons, started in 2010, features Beats on Broad concert, live music, vendors","Augusta, Georgia","Local organizers, supporters",Annually in June,"Two-day festival with parade and concert, started in 2010, significant LGBT event in Augusta, Georgia",,,,,,,,,,,,,,,,,Augusta Pride
Baltic Pride,2009,"Supports LGBT rights and tolerance, organized by Mozaīka, LGL Lithuanian Gay League, Estonian LGBT Association, supported by ILGA-Europe","Baltic states (rotating between Tallinn, Riga, Vilnius)","Mozaīka, LGL Lithuanian Gay League, Estonian LGBT Association",Annually,"First event in Latvia in 2005 as Riga Pride, faced political opposition, officially sanctioned after court intervention, led to founding of Mozaīka, expanded to Baltic Pride in 2009, rotates between capitals annually",,,,,,,,,,,,,,,,,Baltic Pride
Bangalore Queer Film Festival,2008,"Showcases queer films globally, provides platform for LGBT voices, fosters cinema collaborations, attracts large audience, hosts international filmmakers","Bangalore, India","Local organizers, supporters",Annually,"Established in 2008, cultural event in Bangalore, 6th edition in 2014, over 50 international films screened, panel discussions, cultural performances",,,,,,,,,,,,,,,,,Bangalore Queer Film Festival
Bangkok Gay and Lesbian Film Festival,2015,"Established by 'Attitude Magazine' staff in 2015, first LGBT Festival in Thailand, aims to provide a more realistic view of the LGBT community, 15 films from 12 countries in the first edition","Bangkok, Thailand",'Attitude Magazine' staff,Annually,"Magazine addresses LGBT interests in Thailand, seeks representation in wider society, launched due to acceptance of LGBT issues in Thai society, aims to combat stereotypes in media",,,,,,,,,,,,,,,,,Bangkok Gay and Lesbian Film Festival
Beijing Queer Film Festival,2001,"First LGBT film festival in mainland China, founded by Cui Zi'en, showcases international LGBT films with Chinese subtitles, promotes filmmakers from Chinese and Asian backgrounds","Beijing, China",Cui Zi'en,Annually,"Originated from Peking University, volunteer-run, not-for-profit event, challenges censorship laws in China, documentary made about its struggles",,,,,,,,,,,,,,,,,Beijing Queer Film Festival
Beirut Pride,2017,"Largest LGBTIQ+ event in the arabophone world, aims to decriminalize homosexuality in Lebanon, faced legal challenges, first edition in 2017 gathered 4,000 people","Beirut, Lebanon","Hadi Damien, LGBT NGOs",Annually,"First and only LGBTIQ+ pride event in the arabophone world, covered in multiple languages, faced legal challenges, online edition in 2020 due to COVID-19 restrictions and economic collapse in Beirut",,,,,,,,,,,,,,,,,Beirut Pride
Berlin Pride (CSD Berlin),1979,"One of the largest pride events in Germany and Europe, celebrates LGBTQ culture, commemorates Stonewall Riots, aims for equal rights, first event in 1979","Berlin, Germany","LGBTQ community, organizers, supporters",Annually in July,"First event in 1979, commemorates Stonewall Riots, attracts hundreds of thousands of attendees, part of month-long Pride Festival in Berlin",,,,,,,,,,,,,,,,,Berlin Pride
BFI Flare: London LGBTIQ+ Film Festival,1986,"Biggest LGBTIQ+ film festival in Europe, began in 1986 as 'Gay's Own Pictures', renamed in 1988, organized by British Film Institute, screenings at BFI Southbank","London, England","Peter Packer, British Film Institute",Annually in spring,"Started as a two-week festival, shortened to a week in 2011, increased to 10 days in 2012, name changed to BFI Flare in 2014, attendance increased in 2016",,,,,,,,,,,,,,,,,BFI Flare_ London LGBT Film Festival
Bhopal Pride March,2017,"Celebrated LGBTQ culture, first pride march in Madhya Pradesh, held on International Day Against Homophobia, Transphobia and Biphobia, events included panel discussions, music events, street plays, and art exhibition","Bhopal, Madhya Pradesh, India","Kokila Bhattacharya, LGBTQ community members, allies, NGOs, voluntary organizations",Once in 2017,"First pride march in Madhya Pradesh, funded through crowd funding, aimed for fundamental human rights and social acceptance, demanded establishment of welfare board for transgender/sexual minorities in Bhopal",,,,,,,,,,,,,,,,,Bhopal Pride March
Bialystok Equality March,2019,"Inaugural march faced violent opposition from far-right groups and football fans, held in a region known for conservative views, part of broader LGBT rights movement in Poland","Bialystok, Podlaskie Voivodeship, Poland","LGBT activists, local supporters",First held in July 2019,"First march in 2019, faced violent opposition, held in LGBT-free zone, response from local government and Catholic Church, part of national debate on LGBT rights in Poland",,,,,,,,,,,,,,,,,Bia艂ystok equality march
Bristol Pride,1977,"Annual festival in Bristol promoting equality and diversity, organised by Bristol Pride charity, includes Pride Day with march and various events, first held in 1977",Bristol,Bristol Pride charity,Annually in July,"First held in 1977 as fundraiser, evolved from Avon Pride, gap in events until 2010, moved to Bristol Harbourside in 2016",,,,,,,,,,,,,,,,,Bristol Pride
Bucharest Pride,2004,"Annual festival dedicated to LGBT rights in Romania, organized by ACCEPT, funded by various organizations, includes cultural events, seminars, debates, and pride parade",Bucharest,"Kyle David Kipp, ACCEPT, Romanian Ministry of Health, National Council for Combating Discrimination, Open Society Institute, British Council in Romania",Annually in May-June,"First event in 2004, occurs in May-June, culminates with March of Diversity, began after decriminalization of homosexual sex in 1996, aims to create a better society for LGBT individuals",,,,,,,,,,,,,,,,,Bucharest Pride
Budapest Pride,1997,"Hungary's largest annual LGBT event, march along Andrássy Avenue, disrupted by radical right-wing demonstrators, includes film and cultural festival",Budapest,"Viktória Radványi, Budapest Pride board members, local organizers",Annually in July,"Held annually since 1997, disrupted in 2007 and 2008, minimal incidents in recent years, various events beyond the march, over 100 events in 2011",,,,,,,,,,,,,,,,,Budapest Pride
Cape Town Pride,1993,"Week-long event ending with a pride parade, first parade in 1993, part of a week-long event since 2001, various themes over the years","Cape Town, South Africa","Local organizers, supporters",Annually,"First South African pride parade in 1990, first Cape Town pride parade in 1993, interruptions and resumptions, protests in 2001, event themes from 2006 onwards",,,,,,,,,,,,,,,,,Cape Town Pride
Capital City Pride,1991,"Two-day festival and parade celebrating the region's LGBT community, held at Sylvester Park, traditionally on a Saturday, moved to Sunday in 2007, expanded to two days in 2010","Olympia, Washington","Grassroots organization, Olympia Rainbow Center",Annually,"Founded in 1991, operated under Olympia Rainbow Center, independent group with committee and elected officers, expanded marketing and sponsorship in 2007-2008",,,,,,,,,,,,,,,,,Capital City Pride
,,,,,,,,,,,,,,,,,,,,,,,Capital Pride
Chandigarh LGBTQ Pride Walk,2013,"Celebrates and unites LGBTQ community, first pride march in North India after Delhi, organized by Saksham Trust, incorporates local folk dances","Chandigarh, Punjab and Haryana, India",Saksham Trust,"Annually during ""Garvotsava"" pride week celebrations","First march in 2013, route from Panjab University to Sector 17 plaza, low turnout in first march, second edition in 2014 post Section 377 verdict, third edition in 2015 with increased student support",,,,,,,,,,,,,,,,,Chandigarh LGBT Pride Walk
Chicago Pride Parade,1970,"One of the largest pride parades globally, celebrates LGBTQ rights, first held in 1970, attracts over 500,000 spectators, significant political participation","Chicago, Illinois","LGBTQ community, Chicago City Council, Mayor of Chicago",Annually in June,"First parade from Washington Square Park to Civic Center Plaza, expanded route to Uptown neighborhood, increased political presence, strong support from Illinois politicians",,,,,,,,,,,,,,,,,Chicago Pride Parade
Cincinnati Pride,1973,"Week-long celebration of the LGBTQIA+ community, anchor event is the pride parade, corporate and non-profit sponsors, involvement of various LGBT groups, commemorates Stonewall riots","Cincinnati, Ohio","Delta Air Lines, P&G, US Bank, Fifth Third Bank, The Kroger Co., TriHealth, Human Rights Campaign, PFLAG, GLSEN, Dykes on Bikes, Imperial Court System, various BDSM groups, churches, entertainers, politicians",Annually in June,"Started in 1973, festival formed from a political rally, takes place at Sawyer Point Park and Yeatman's Cove, incorporation as a non-profit in 2013, tax-exempt status granted in 2015",,,,,,,,,,,,,,,,,Cincinnati Pride
Columbus Pride,1981,"Second largest LGBT pride event in the Midwest, estimated over 300,000 participants in 2014, 500,000 attendees in 2019, features parades with marching bands, firetrucks, motorcycles, and floats","Columbus, Ohio",Stonewall Columbus,Annually,"First parade in 1981 with 200 attendees, marred by anti-LGBTQ protests, including flag burning incidents, hosted George Takei in 2014 and Jim Obergefell in 2015, 2020 parade canceled due to COVID-19",,,,,,,,,,,,,,,,,Columbus Pride
Come Out with Pride,2005,"Organized by a 501 nonprofit organization, one of the largest pride events in Florida, community activities centered at Pulse nightclub, sponsored by Metropolitan Business Association","Orlando, Florida","Jeff Prystajko, Metropolitan Business Association, Central Florida LGBT Chamber of Commerce",Annually,"First parade sponsored in 2005, 175,000 attendees in 2018, week-long schedule of activities, parade in Lake Eola Park, recent online fundraiser for LGBTQ charities",,,,,,,,,,,,,,,,,Come Out With Pride
Connecticut LGBTQ Film Festival,1988,"Longest running film festival in Connecticut, focus on LGBTQ+ films, founded as Connecticut Gay & Lesbian Film Festival in 1988, renamed in 2014","Hartford, Connecticut","William Mann, Terri Reid",Annually in June,"Renamed to reflect evolving use of the term ""queer"", struggled initially but grew in popularity, virtual screenings in 2020, next festival planned for June 2021",,,,,,,,,,,,,,,,,Connecticut LGBTQ Film Festival
Copenhagen Pride,1996,"Denmark's largest annual Human Rights festival focused on LGBT issues, combines political issues with concerts, films, and a parade, City Hall Square as focal point, won bid to host WorldPride in 2021",Copenhagen,"Organizers, supporters",Annually in August,"Began in 1996 during European Capital of Culture, evolved from Mermaid Pride to Copenhagen Pride, held annually in August, hosted World Outgames in 2009, first Winter Pride in 2015",,,,,,,,,,,,,,,,,Copenhagen Pride
D.C. Black Pride,1991,"First official black gay pride event in the US, one of two recognized festivals for African-American LGBT community, attracts over 40,000 attendees, inspired similar events in other cities","Washington, D.C., USA",Center for Black Equity,Annually on Memorial Day weekend,"Established in 1991, celebrates black LGBT community, significant event in D.C., influenced by progressive LGBT laws in the city",,,,,,,,,,,,,,,,,D.C. Black Pride
Dallas Black Pride,1996,"Celebrates emerging black LGBT community, held in conjunction with State Fair of Texas, State Fair Classic, largest black gay pride event in Texas, Juneteenth Weekend kickoff event",Dallas-Fort Worth Metroplex,"Dallas Her Pride, local community",Annually in fall,"Established in 1996, coincides with State Fair events, attracts 15,000 participants, empowering the black LGBT community in the region",,,,,,,,,,,,,,,,,Dallas Black Pride
Club Skirts Dinah Shore Weekend,1986,"Largest lesbian event globally, five-day music festival, pool parties, live concerts, comedy shows, attracts 15,000+ participants, sponsors include Miller Beer, MTV/LOGO Networks, here! TV, Sirius Radio, Showtime, O.B. Tampons, Shake Weight, Bacardi","Palm Springs, California, USA",Club Skirts,Annually in spring,"Named after Dinah Shore, coincided with ANA Inspiration tournament, unofficial events since 1986, benefits for Human Rights Campaign and AIDS Service Foundation",,,,,,,,,,,,,,,,,Dinah Shore Weekend
Doncaster Pride,2007,"South Yorkshire's biggest Gay Pride event, fast-growing in the UK, first event in 2007, attracted 1,500 people, audience close to 20,000, funded by local businesses and organizations, activities for all ages, float parade",Doncaster,"Sheridan Smith, local businesses, award foundations, charitable organizations, public donations",Annually,"First event in 2007, rapid growth, audience figures increased, held in Sir Nigel Gresley Square, variety of activities, two stages, float parade, over 3,000 participants in 2018 parade, 8 hours of entertainment",,,,,,,,,,,,,,,,,Doncaster Pride
Dublin LGBTQ+ Pride Festival,1974,"Largest LGBTQ+ pride festival in Ireland, culminates in a pride parade, expanded to a ten-day festival, volunteer-run organization with some paid consultants","Dublin, Ireland","Volunteers, paid consultants",Annually in June,"First public Gay rights demo in Dublin in 1974, first significant Pride Week in Ireland in 1980, first pride parade in 1983, aims for LGBTQ+ community improvement",,,,,,,,,,,,,,,,,Dublin Pride
East-Central Minnesota Pride,Not specified,"Celebrates LGBTQ residents in rural East-Central Minnesota, one of two rural pride events in the U.S., held first weekend in June","Pine City, Minnesota, United States",Local community members,Annually in June,"Held in Pine City, Minnesota, coordinates: 45°49′38″N 92°58′9″W, one of two rural prides in the U.S., annual celebration for LGBTQ individuals in the area",,,,,,,,,,,,,,,,,East-Central Minnesota Pride
Easter in Berlin,1975,"Biggest Leather and Fetish event in Europe, organized by BLF, German Mr Leather titleholder event, attracts thousands of participants worldwide",Berlin,Berlin Leder und Fetisch e.V.,Annually at Easter,"Founded in 1975, annual event at Easter, attracts Leather, Rubber, Sportswear, Skin, and Uniform lovers, Folsom Europe also held in the same neighborhood",,,,,,,,,,,,,,,,,Easter in Berlin
Equality Parade,2001,"Largest gay pride parade in Central and Eastern Europe, promotes social equality, draws attention to LGBT community issues",Warsaw,Szymon Niemiec,Annually in May-June,"First successful parade in 2001, member of EPOA and InterPride, support growing in Poland","20,000 (2006), 45,000 (2018), 50,000 (2019)",,,,,,,,,,,,,,,,Equality Parade
EuroGames,Not specified,"LGBT sporting event in Europe, open to all, organized by European Gay and Lesbian Sport Federation",Europe,European Gay and Lesbian Sport Federation member clubs,Two-day event,"Similar to Gay Games, inclusive sports event for all, regardless of sex, age, sexual identity, or physical ability",,,,,,,,,,,,,,,,,EuroGames
European Lesbian* Conference,2017,"International lesbian-focused seminar, one of the largest events, organized independently from ILGA, aims to empower and increase visibility of lesbian issues","Vienna, Austria","Silvia Casalino, Anastasia Danilova, Mariella Müller, Alice Coffin, Olena Shevchenko, Maria von Känel",Annually,"First event held in October 2017, organized by co-founders, NGO officially registered in Vienna, chaired by Silvia Casalino and Mariella Müller, aims to address lesbophobia and empower lesbian community",,,,,,,,,,,,,,,,,European Lesbian_ Conference
EuroPride,1992,"Pan-European event celebrating LGBTI pride, month-long celebration with various events, culminates in pride parade, live music, human rights conference, and AIDS memorial vigil",Europe,"Organizers, host cities",Rotating host cities,"Inaugurated in London in 1992, Berlin hosted in 1993, Amsterdam faced financial issues in 1994, Copenhagen in 1996, Paris in 1997, Stockholm in 1998, London canceled in 1999, WorldPride in 2000, Rome in 2000, Vienna in 2001, Köln in 2002",,,,,,,,,,,,,,,,,EuroPride
Folsom Europe,2003,"Annual BDSM and leather subculture street fair in Berlin, Europe's biggest gay fetish event, inspired by Folsom Street Fair in San Francisco, hosts German Titleholders' Conference, fundraising for charitable organizations","Berlin, Germany","Berlin Leder und Fetisch e.V., Folsom Street Fair",Annually in September,"Established in 2003, brings non-profit leather festival concept to Europe, main area in Schöneberg, hosts German Titleholders' Conference, fundraising by Order of the Sisters of Perpetual Indulgence",,,,,,,,,,,,,,,,,Folsom Europe
Gay Days at Walt Disney World,1991,"LGBTQ+ individuals, families, friends, and supporters visit Disney World on the first Saturday in June, event started in 1991 with 3,000 attendees, grew to 150,000 by 2010","Walt Disney World, Florida","LGBTQ+ community, event organizers",Annually in June,"First event in 1991, visibility for LGBTQ+ community, reclaiming childhood joys, growth in attendance",,"Grew from 3,000 to 150,000 attendees","Criticized by religious groups, Southern Baptist Convention boycott, Florida Family Association opposition","Provides safe space, visibility, and sense of community for LGBTQ+ families and individuals",,,,,,,,,,,,,Gay Days at Walt Disney World
Gay Film Nights,2004,"LGBT film festival showcasing culture and cinema, initiated dialogue with society, free entry, mainstream English-language film focus","Cluj-Napoca, Romania",Be An Angel,Annually,"First organized in 2004, features Miss Travesty Romania contest, Mister Gay Romania, Gay Prize Gala, held in November 2016, 2014, 2009",,,,,,,,,,,,,,,,,Gay Film Nights
Gay Games,1982,"Promotes acceptance of sexual diversity, inclusive sport and cultural event for LGBTQ individuals",Worldwide,"Tom Waddell, Brenda Young, others",Every 4 years,"Founded as the Gay Olympics in San Francisco, California, in 1982, aims to promote inclusion, personal growth, and international participation, open to all without qualifying standards, 1994 event in NYC had over 10,000 athletes, Federation of Gay Games founded in 1982 to sanction the event",,,,,,,,,,,,,,,,,Gay Games
GFEST - Gaywise FESTival,2007,"Premier LGBT annual cross-arts festival in London, platform for LGBTQ artists, organized by Wise Thoughts, features various art forms, online events in 2020","London, UK",Wise Thoughts,Annually in November,"Launched in 2007, showcases LGBTQ artists, includes visual art, theatre, dance, and short films, online events in 2020 due to COVID-19",,,,,,,,,,,,,,,,,GFest – gayWise LGBT Arts Festival
Hamburg Pride (CSD Hamburg),1980,"Celebrates LGBTQ community, part of international pride festivities, aims for equal rights, includes various events like Pride Night, Parade, and Street Festival",Hamburg,"LGBTQ community, organizers",Annually in July,"Held annually since 1980, part of Christopher Street Day celebrations, hosts Pride Night, Parade, and Street Festival, other Pride events in Hamburg throughout the year",,,,,,,,,,,,,,,,,Hamburg Pride
Helsinki Pride,1975,"One of the biggest public events in Finland, week-long event with various activities, culminates in a parade, attendance of 100,000 in 2018","Helsinki, Finland",Seta (Finnish LGBT rights organization),Annually in June,"Established in 1975, tradition of ""Freedom Day,"" held annually in Helsinki since 2006, disrupted by tear gas attack in 2010",,,,,,,,,,,,,,,,,Helsinki Pride
Heritage of Pride (NYC Pride),1984,"Produces official NYC LGBTQIA+ Pride Week events, took over from Christopher Street Liberation Day Committee, responsible for Pride festival and rally, first march in 1970, global expansion of Pride events","New York City, New York, USA","LGBTQIA+ community, volunteers, paid staff",Annually in June,"First march brought attention to Stonewall Riots, Pride chapters formed in US cities, Pride London in 1972, events on six continents, additional events in outer boroughs, volunteer-led organization, elected co-chairs, full-time staff since 2002",,,,,,,,,,,,,,,,,Heritage of Pride
Hong Kong Lesbian & Gay Film Festival,1989,"Oldest LGBT film festival in Asia, promotes equal opportunities and eliminates discrimination, presents contemporary and historical films on LGBT topics",Hong Kong,"Edward Lam, Hong Kong Arts Centre",Annually in September,"Founded in 1989, annual screenings each September, known as Hong Kong Tongzhi Film Festival in Chinese, resurrected in 2000 by Wouter Barendrecht and Ray Yeung",,,,,,,,,,,,,,,,,Hong Kong Lesbian & Gay Film Festival
Hong Kong Pride Parade,2008,"Annual march supporting LGBT rights, first held in 2008, route from Victoria Park to Tamar Park or Edinburgh Place, key organizations include Women Coalition of HKSAR, Rainbow of Hong Kong, Nu Tong Xue She, and Gay Harmony",Hong Kong,"Women Coalition of HKSAR, Rainbow of Hong Kong, Nu Tong Xue She, Gay Harmony",Annually,"First formal parade in 2008, subsequent parades in 2009, 2011, 2012, and 2013, held to advocate for expanded protection against discrimination for LGBT individuals in Hong Kong",,,,,,,,,,,,,,,,,Hong Kong Pride Parade
Houston Gay Pride Parade,1979,"Celebrates LGBTQ+ community, commemorates Stonewall Riots, shifted to nighttime parade in 1997, record attendance in 2015, impacted by COVID-19 in 2020","Houston, Texas",Annise Parker,Annually in June,"Started in Montrose, moved to downtown Houston in 2015 for larger festival, virtual rally in 2020 due to pandemic",,,,,,,,,,,,,,,,,Houston Pride
,,,,,,,,,,,"Founded in 1997, CEO arrested in 2015, ad listing service for male escorts, non-judgmental space for male-male companionship","First ceremony in 2006, held at the Roxy in NYC, sponsored by Rentboy.com","Organized by Rentboy.com, traveling cabaret",,,,,,,,,,Hustlaball
IndigNation,2005,"Singapore's month-long LGBTQ pride season, started in 2005, coincided with the republic's 40th National Day, filled gap left by Nation parties ban, supported by Fridae.com, featured talks, workshops, and events, fundraising galas for community projects",Singapore,"Fridae.com, community members",Annually in August,"Started in 2005, coincided with Singapore's 40th National Day, supported by Fridae.com, fundraising galas for community projects, establishment of Rascals Prize, focus on LGBTQ issues and rights",,,,,,,,,,,,,,,,,IndigNation
Indy Pride Festival,Over a decade,"Largest LGBT pride event in Indiana, organized by Indy Pride, Inc., attracts over 95,000 attendees, honors Stonewall Riots, week-long celebration with Parade and Festival",Indianapolis,"Indy Pride, Inc.",Annually in June,"Formerly known as Circle City IN Pride, week of events leading up to Parade and Festival, aims to bring visibility to the LGBTQ community in Indianapolis",,,,,,,,,,,,,,,,,Indy Pride Festival
"International Day Against Homophobia, Biphobia, and Transphobia",2004,"Aims to raise awareness of LGBT rights violations, commemorates WHO's declassification of homosexuality as a mental disorder in 1990, founded by IDAHO Committee",Global,"IDAHO Committee, International Lesbian and Gay Association, International Gay and Lesbian Human Rights Commission, World Congress of LGBT Jews, Coalition of African Lesbians",Annually on May 17,"Conceived in 2004, first observed in 2005, activities in various countries, added transphobia in 2009, petition supported by 300+ NGOs, France first to remove transgender issues from mental illness list in 2009",,,,,,,,,,,,,,,,,"International Day Against Homophobia, Transphobia and Biphobia"
"International Day Against Homophobia, Biphobia, and Transphobia",2004,"Aims to raise awareness of LGBT rights violations, commemorates WHO's declassification of homosexuality as a mental disorder in 1990, founded by IDAHO Committee",Global,"IDAHO Committee, International Lesbian and Gay Association, International Gay and Lesbian Human Rights Commission, World Congress of LGBT Jews, Coalition of African Lesbians",Annually on May 17,"Conceived in 2004, first observed in 2005, activities in various countries, added transphobia in 2009, petition supported by 300+ NGOs, France first to remove transgender issues from mental illness list in 2009",,,,,,,,,,,,,,,,,International Day Against Homophobia
Side by Side Lesbian and Gay International Film Festival,2008,"Explores LGBTQ+ issues through art cinema, aims to create open cultural space for dialogue, founded by Manny de Guerre, staff includes Manny de Guerre, Gulya Sultanova, and Tanya Shmankevich","Saint Petersburg, Russia","Manny de Guerre, Gulya Sultanova, Tanya Shmankevich",Annually in autumn,"Held annually since 2008, special events throughout the year, screenings and discussions in various parts of Russia, promotes dialogue against discrimination based on sex, gender identity, and sexual orientation",,,,,,,,,,,,,,,,,International Gay and Lesbian Film Festival 芦Side by Side禄
International Mr. Leather,1979,"International conference and contest of leathermen, multi-day event, recognized distinction, informal qualification process, forerunner ""Mr. Gold Coast"" contest, first black titleholder in 1984, inspired Living in Leather conference","Chicago, Illinois","Chuck Renslow, Dom Orejudos, Ron Moore, Steve Maidhof, Cookie Andrews-Hunt, Wayne Gloege, Billy Jefferson, Jan Lyon, George Nelson, Vik Stump",Annually in May,"Contest held annually since 1979, activities include speakers, socials, themed dance parties, leather market, qualification through feeder competitions or sponsorship, inspired Living in Leather conference in 1986",,,,,,,,,,,,,,,,,International Mister Leather
International Ms. Leather,1987,"Leather subculture fetish convention for women, includes Miss Bootblack contest, first formal convention in 1987, founded by Judy Tallwing McCarthey",California,"Judy Tallwing McCarthey, Audrey Joseph, Amy Marie Meeks",Annually,"First formal convention in 1987, Miss Bootblack contest added in 1999, moved to San Jose in 2014, foundation established in 2015, focus on community leadership, various awards received",,,,,,,,,,,,,,,,,International Ms. Leather
KASHISH Mumbai International Queer Film Festival,2010,"Screens LGBT films from India and worldwide, top five LGBT film festival, post-Section 377 decriminalization, promotes visibility and acceptance of LGBT community","Mumbai, India","Local organizers, supporters",Annually,"Founded in 2010, screens diverse LGBT films, follows Section 377 decriminalization, aims for mainstreaming and acceptance of LGBT individuals",,,,,,,,,,,,,,,,,KASHISH Mumbai International Queer Film Festival
Kolkata Rainbow Pride Walk,1999,"Oldest pride walk in India and South Asia, organized by Kolkata Rainbow Pride Festival, political statement for equality, tolerance, love, and solidarity, participants support various rights-based movements","Kolkata, India",Kolkata Rainbow Pride Festival,Annually,"First march in 1999, known as The Friendship Walk, initiated by Owais Khan, aimed to highlight LGBTQ+ issues, started with 15 participants, split into two groups during the walk",,,,,,,,,,,,,,,,,Kolkata Rainbow Pride Walk
Kreuzberg Pride (Transgenialer CSD),1998,"Parade and festival celebrating LGBTQ+ community and allies, held in Kreuzberg, Berlin, coincides with Berlin Pride and Gay Night at the Zoo, part of Berlin's diverse LGBTQ+ festival scene","Kreuzberg, Berlin, Germany","LGBTQ+ community, allies",Annually in June,"Held annually from 1998 to 2013, coincides with other LGBTQ+ events in Berlin, contributes to the city's vibrant LGBTQ+ festival calendar",,,,,,,,,,,,,,,,,Kreuzberg Pride
Leeds Pride,2006,"Annual LGBT Pride celebration, supported by city council and local businesses, attendance growth over the years, significant economic impact, special decorations along parade route","Leeds, West Yorkshire, England","City council, local businesses",Annually in August,"Replaced previous Pride events, attendance growth, name change to Leeds Pride, economic impact of £3.8 million, special decorations on buildings, Freedom Bridge, steps, telephone kiosk",,,,,,,,"6,500 (2006), 12,000 (2009), 40,000 (10th year), 100+ floats (2018)",Millennium Square to Lower Briggate,Approximately £3.8 million,"Rainbow flag decorations on buildings, Freedom Bridge, steps, telephone kiosk, Rainbow Plaques trail by Leeds Civic Trust",,,,,,Leeds Pride
Lesbian and Gay City Festival,1993,"Europe's largest street festival for lesbians and gays, held in the gay area around Nollendorfplatz in Schöneberg, organized by ""Regenbogenfonds e. V."", features seven festival areas","Berlin, Germany","Bar tenants, ""Regenbogenfonds e. V.""",Annually in June,"First festival in 1993, initially organized in Motzstraße, expanded to multiple streets and themes, on hiatus in 2020, set to return in 2021",,,,,,,,,,,,,,,,,Lesbian and Gay City Festival
Pride in Liverpool,2008,"Weekend-long festival celebrating LGBT culture, commemorates Michael Causer, one of Europe's largest free Gay Pride festivals, parade, open-air festival, organized by Liverpool City Region Pride Foundation","Liverpool City Centre, UK",Liverpool City Region Pride Foundation,Annually in August,"Founded in 2008 after Michael Causer's death, parade attracts 12,000+ participants, audience reached 75,000 in 2013, aims to promote equality and diversity, registered charity since 2019",,,,,,,,,,,,,,,,,Liverpool Pride
Long Beach Lesbian & Gay Pride,1984,"Second largest gay pride event in the US, held yearly on the next to last weekend in May, organized by LBLGP Inc., promotes pride and self-worth, fosters community cooperation","Long Beach, California",LBLGP Inc.,Annually in May,"Established in 1983, first event in 1984, aims to increase awareness and cooperation within the community, donates proceeds to charitable organizations",,,,,,,,,,,,,,,,,Long Beach Lesbian & Gay Pride
Madrid Pride,1977,"Europe's largest Pride event, attracts over a million attendees, significant economic contribution to the city, evolved from small gathering in late 1970s","Madrid, Spain","LGBTQ+ community, local supporters",Annually in June,"First celebrated in 1977, post-Franco regime, annual event since 1978, influenced by Stonewall Riots, part of global Pride movement",,,,,,,,,,,,,,,,,Madrid Pride
Merlinka Festival (International Queer Film Festival Merlinka),2009,"Screens LGBT-themed films, honors Vjeran Miladinović Merlinka, promotes LGBT art and culture, awards Dorothy's slipper for best short film",,"Gay Lesbian Info Centre, Belgrade Youth Center",,,,,,,,,,,,,,"Belgrade, Sarajevo, Podgorica",5 days in December,"Dorothy's slipper award, previously awarded best feature and documentary films",,,Merlinka Festival
Mezipatra Czech Queer Film Festival,2000,"Screens films with LGBTQ+ themes, creates space for diverse identities, explores chosen themes, hosts international guests, includes lectures, debates, art openings, theatre performances, and parties","Prague, Brno, Czech Republic","STUD Brno, Mezipatra Association",Annually in November,"Founded in 2000 in Brno, expanded to Prague in 2002, related events in Ostrava, Olomouc, and other cities, offers additional screenings throughout the year, participates in Prague Pride, introduces jury awards from 4th edition",,,,,,,,,,,,,,,,,Mezipatra Gay and Lesbian Film Festival
Minsk Pride,1999,"Festival supporting tolerance for LGBTQ+ community in Belarus, organized by Belarusian League for Sexual Equality “Lambda” and ""Forum Lambda"", included seminars, conferences, exhibitions, and competitions",Minsk,"Belarusian League for Sexual Equality “Lambda”, ""Forum Lambda""",Not specified,"First Belarusian Pride Festival held in Minsk in 1999, supported by prominent figures in Belarusian culture, faced government bans on marches and activities",,,,,,,,,,,,,,,,,Minsk Gay Pride
Montenegro Pride,2013,"National LGBTIQ pride march in Podgorica, first held in 2013, organized by volunteer committee, supported by Queer Montenegro, faced opposition and violence during first event","Podgorica, Montenegro","Volunteer committee, Queer Montenegro",Annually,"First event in 2013, annual occurrence, protected by 2,000 police officers, faced opposition from extremist groups, fascists, and hooligans, clashes resulted in injuries and property damage",,,,,,,,,,,,,,,,,Montenegro Pride
Moscow Pride,2006,"Demonstration for LGBTQ+ rights, regularly banned by Moscow City Hall, accompanied by homophobic attacks, banned by authorities, organized by Nikolai Alekseev and Russian LGBT Human Rights Project Gayrussia.ru",Moscow,"Nikolai Alekseev, Russian LGBT Human Rights Project Gayrussia.ru",Intended annually in May,"Banned by Moscow City Hall, homophobic attacks in 2006-2008, banned in 2012, European Court of Human Rights rulings, opposition from religious and political figures",,,,,,,,,,,,,,,,,Moscow Pride
Mr Gay Europe,2005,"Male beauty pageant for gay Europeans, founded by Morten Rudå and Tore Aasheim, first held in Oslo, Norway, notable winners from different years",Europe,"Morten Rudå, Tore Aasheim",Annually,"Hosted in various European cities, winners include Alexander van Kempen, Nandor Gyongyosi, Jackson Netto, Antonio Pedro Almijez, Sergio Lara, Giulio Spatola, Miguel Ortiz, Robbie O'Bara, Jack Johansson",,,,,,,,,,,,,,,,,Mr Gay Europe
Mr Gay Ireland,2005,"Annual contest for gay men, regional heats in gay venues, grand final in late October, current title holder is Max Krzyzanowski, organized by Dublin Gay Theatre Festival",Ireland,Dublin Gay Theatre Festival,Annually in October,"Founded in 2005 as Mr Gay Dublin, aims to overcome negative stereotypes, promote HIV/AIDS awareness, hosted by Brendan Courtney and Dolly Grip, part of International Dublin Gay Theatre Festival",,,,,,,,,,,,,,,,,Mr Gay Ireland
Mr Gay UK,1982,"Annual beauty contest for gay men, regional heats in gay nightclubs, grand final at gay venue, began as ""Mr Hardware"" in 1982, name changed to Mr Gay UK in 1984, televised by BBC, featured on Channel 4 and Five, winner represents UK in Mr Gay Europe, no contest in 2009, 2010, and 2014, changes in rules and voting system in 2011",UK,"Anthony Morley, organizers",Annually,"Started as promotion for gay mail order company, winner represents UK in Mr Gay Europe, changes in voting system in 2011, controversies surrounding first winner's conviction for murder and cannibalism",,,,,,,,,,,,,,,,,Mr Gay UK
Mr Gay Wales - Mr Hoyw Cymru,2005,"Welsh gay male beauty pageant, part of Cardiff Mardi Gras celebrations, independent contest, heats held at gay venues, winner represents venue or city in final, opportunity to compete in Mr Gay Europe and Mr Gay International Contests",Wales,"Christopher Jones, local organizers",Annually,"Founded in 2005, winner competes at European and international levels, Christopher Jones represented Wales in Mr Gay Europe Contest in 2006, winner of 2006 contest from Cardiff, pursuing a career in law",,,,,,,,,,,,,,,,,Mr Gay Wales
Mr Gay World South Africa,2009,"Represents the ultimate gay male in South Africa, promotes education and advocacy for the LGBT community",South Africa,,,,,,,,,,,,,,,,,,"Charl van den Berg, Francois Nel, Lance Weyer, Jason Rogers, Steve Williams, Werner de Waal","Oslo, Norway; Manila, Philippines; Johannesburg, South Africa; Antwerp, Belgium; Rome, Italy",Mr Gay World South Africa
Nashville Pride,1988,"Largest LGBT event in Tennessee, founded in 1988, goal to celebrate LGBT community, connect with resources, notable attendees like Vanessa Carlton","Nashville, Tennessee","National Gay and Lesbian Task Force, Phil Cobucci",Annually in June,"First parade in 1988, Vanessa Carlton's coming out in 2010, record attendance in 2015, 2018, and 2019, canceled in 2020 and delayed in 2021 due to COVID-19",,,,,,,,,,,,,,,,,Nashville Pride
National Coming Out Day,1988,"Promotes LGBT visibility and acceptance, founded by Robert Eichberg and Jean O'Leary, encourages individuals to come out, combats homophobia",Global,"Robert Eichberg, Jean O'Leary",Annually on Oct 11,"Established in 1988, celebrates LGBT individuals coming out, observed on Oct 11, coincides with National March on Washington for Lesbian and Gay Rights in 1987",,,,,,,,,,,,,,,,,National Coming Out Day
National LGBTI Day or Gender and Sexual Minorities' Day,2007,"Celebrates legal victory for LGBTI individuals in Nepal, marks the start of LGBTI rights movement in 2001, established by Blue Diamond Society, Supreme Court ruling in 2007 for LGBT rights protection",Nepal,Blue Diamond Society,Annually on 6th Paush,"Established in 2007, commemorates Supreme Court ruling for LGBT rights, annual celebration on 6th Paush, significant milestone for LGBTI community in Nepal",,,,,,,,,,,,,,,,,National Gender and Sexual Minorities' Day (Nepal)
National Queer Arts Festival,1998,"Established in 1998 to coincide with Pride Month, supported by various organizations, founding artist director is Jonathan David Katz","San Francisco, California","Harvey Milk Institute, Mission Cultural Center for Latino Art, Center for African and African American Art & Culture",Annually in June,"Founded to celebrate queer arts, collaboration with multiple organizations, Jonathan David Katz as founding artist director",,,,,,,,,,,,,,,,,National Queer Arts Festival
Nepal Pride Parade,2019,"First pride march in Nepal, organized by Queer Youth Group, Queer Rights Collective, and Campaign for Change, held on second Saturday of June",Nepal,"Queer Youth Group, Queer Rights Collective, Campaign for Change",Annually in June,"First parade in 2019, coincides with Gaijatra festival, promotes equality, candle-light vigil, themed on inclusion of queer individuals in decision-making processes",,,,,,,,,,,,,,,,,Nepal Pride Parade
Heritage of Pride (NYC Pride),1984,"Produces official NYC LGBTQIA+ Pride Week events, took over from Christopher Street Liberation Day Committee, responsible for Pride festival and rally, first march in 1970, global expansion of Pride events","New York City, New York, USA","LGBTQIA+ community, volunteers, paid staff",Annually in June,"First march brought attention to Stonewall Riots, Pride chapters formed in US cities, Pride London in 1972, events on six continents, additional events in outer boroughs, volunteer-led organization, elected co-chairs, full-time staff since 2002",,,,,,,,,,,,,,,,,New York City Pride
Nottinghamshire Pride,1997,"Organized by a registered charity, aims to celebrate diversity and pride, includes parade, stalls, music, and art","Nottingham, England","Registered charity, local community",Annually in July,"First held in 1997 as Pink Lace, renamed Nottingham Pride in 2000, held at various locations, returned in 2003 at the Arboretum, moved to Forest Recreation Ground in 2010, attracted over 20,000 visitors in 2011",,,,,,,,,,,,,,,,,Nottingham Pride
Osijek Pride,2014,"LGBT pride march in Osijek, Croatia, first held in 2014, third pride event in Croatia after Zagreb and Split","Osijek, Croatia","Local organizers, supporters",Annually,"First event in 2014, aims to promote LGBT visibility in Osijek, Croatia, part of a growing movement for LGBT rights in the country",,,,,,,,,,,,,,,,,Osijek Pride
Pink Dot,1987,"Founded by Bill Toro, privately owned corporation, known for appearing in movies and TV shows, unique delivery system using various vehicles, partnerships with Kozmo.com, Ford Motor Company, and Postmates","West Hollywood, California",Bill Toro,Not applicable,"Founded in 1987, appeared in movies and TV shows, delivery system using different vehicles, partnerships with Kozmo.com, Ford Motor Company, and Postmates",,,,,,,,,,,,,,,,,Pink Dot
Pride Canterbury,2016,"LGBTQ+ pride event and parade in Canterbury, Kent since 2016, rescheduled in 2020 due to COVID-19, exhibition at Beaney House of Art and Knowledge, significant growth in attendance, featured various artists and performers","Canterbury, Kent, UK","Organizers, supporters",Annually in June,"First event in 2016, exhibition in 2020, notable attendees and performers, historical growth and impact on the community",,,,,,,,,,,,,,,,,Pride Canterbury
Pride Festival of Central PA,Late 1980s,"Three-day annual gay pride event, first pride event in Central PA in late 1980s, held at various locations before settling in Riverfront Park in 1992, features musical acts and drag queens, cancelled in 2020 and 2021 due to COVID-19, anticipated return in 2022","Harrisburg, Pennsylvania",Non-profit organization,Annually in July,"First Pride to take place on a US State Capitol in 2018, includes Voice United pre-Pride concert, Pride Festival with entertainment, Family Zone, vendors, and food, Spirits United Sunday church services, stub article on LGBT topics and Harrisburg, Pennsylvania-related article",,,,,,,,,,,,,,,,,Pride Festival of Central PA
Pride in Hull,2001,"Annual LGBT Pride celebration in Hull, organised by Hull LGBT+ Community Pride, first event in 2001, UK Pride in 2017, part of UK City of Culture celebrations","Kingston upon Hull, England","The Warren women's group, volunteers",Annually in July,"Inaugural event in Queen's Gardens, moved to West Park in 2011, relaunched as Pride in Hull in 2015, designated UK Pride in 2017, significant growth in attendance and performers",,,,,,,,,,,,,,,,,Pride in Hull
South African Pride Parade,1990,"First pride parade in South Africa, held in Johannesburg, marked the beginning of pride events in the country, platform for political advocacy against discrimination and hate crimes targeting the LGBT community","Johannesburg, South Africa","Gay and Lesbian Organisation of the Witwatersrand, GLOW",Initially held in 1990,"Initiated and organized by GLOW, attended by 800 people, addressed by Simon Nkoli, Donné Rundle, Beverly Ditsie, Edwin Cameron, and Hendrik Pretorius, first event on the African continent",,,,,,,,,,,,,,,,,Pride parades in South Africa
QFest,1997,"Promotes media arts for LGBT community, screenings at various venues, co-founded by Loris Bradley, Sarah Gish, and Marian Luntz","Houston, Texas","Loris Bradley, Sarah Gish, Marian Luntz",Annually,"First held in 1997, renamed in 2007, no curator, venues book films independently, advisory board organizes films and events",,,,,,,,,,,,,,,,,QFest
Queens Pride Parade and Multicultural Festival,1993,"Second oldest and second largest pride parade in NYC, founded by Daniel Dromm and Maritza Martinez, memorializes Julio Rivera, raises LGBTQ visibility in Queens","Jackson Heights, Queens, New York City","Daniel Dromm, Maritza Martinez",Annually in June,"Founded after the murder of Julio Rivera in 1990, serves as a response to hate crimes and rejection of multicultural curriculum in Queens",,,,,,,,,,,,,,,,,Queens Pride Parade
QueerBomb Dallas,2014,"Non-corporate, community-funded LGBTQIA Pride event, organized by activists Daniel Villarreal and Chaaz Quigley, banned from Dallas Pride events in 2020",Dallas-Fort Worth Metroplex,"Daniel Villarreal, Chaaz Quigley",Annually in June,"First held in 2014, inspired by QueerBomb in Austin, Texas, aims for a pride celebration without corporate influence, controversial article led to ban in 2020",,,,,,,,,,,,,,,,,QueerBomb Dallas
Rainbow March,1996,"Longest continuously run parade for LGBT people in Japan, held annually, last held in 2013","Sapporo, Hokkaido, Japan","LGBT community in Sapporo, Hokkaido",Last held in 2013,"Established in 1996, aimed to support LGBT individuals, last held in 2013, considered a significant event in Japan for the LGBT community",,,,,,,,,,,,,,,,,Rainbow March
Rainbow Reel Tokyo,1992,"International film festival for LGBT audiences, held in Tokyo, formerly known as TILGFF, established in 1992, held at various venues, includes Rainbow Reel Competition","Tokyo, Japan","Organizers, supporters",Annually in July,"Established in 1992, venue changes over the years, Rainbow Reel Competition started in 1995, awards for best film and director",,,,,,,,,,,,,,,,,Rainbow Reel Tokyo
Salento Pride,2015,"Celebrates LGBTQIA+ community and allies, canceled in 2020 due to COVID-19, aims for equal rights and treatment, held in popular gay holiday destination, organized by local LGBTQI+ rights organizations","Gallipoli, Brindisi, Italy","Ra.Ne., ACQUE, Arcigay Salento, LA COLLETTIVA, LeA",Annually in August,"Inception in 2015, typically held in Gallipoli, moved to Brindisi in 2020, part of Puglia's gay-friendly environment, part of three annual Pride parades in Puglia",,,,,,,,,,,,,,,,,Salento Pride
San Francisco Pride,1970,"Celebrates LGBT people and allies, largest gathering of LGBT people in the nation, world-renowned parade","San Francisco, California","LGBT community, allies",Annually in June,"49th annual parade in 2019 with 289 contingents, parade route along Market Street, hundreds of thousands of spectators, two-day festival around the parade",,,,,,,,,,,,,,,,,San Francisco Pride
San Francisco Transgender Film Festival,1997,"World's oldest transgender film festival, originally named Tranny Fest, co-founded by Christopher Lee and Alex Austin, Elise Hurwitz as technical director","San Francisco, California","Christopher Lee, Alex Austin, Elise Hurwitz",Annually,"Originally organized by volunteers without government or private funding, held biennially until 2005, transformed into an annual event due to audience demand, held in various venues before settling at the Roxie Theater in 2013",,,,,,,,,,,,,,,,,San Francisco Transgender Film Festival
Seksualiti Merdeka,2008,"Sexuality rights festival featuring talks, forums, workshops, art, music, and film screenings, loosely translated as ""Sexuality Independence,"" banned in 2011","Kuala Lumpur, Malaysia","Pang Khee Teik, Jerome Kugan",Annually,"Founded in 2008 coinciding with Merdeka celebrations, theme of ""Our Bodies, Our Rights"" in 2009, banned in 2011 due to potential public disorder",,,,,,,,,,,,,,,,,Seksualiti Merdeka
Shanghai Pride,2009,"First and largest LGBT event in mainland China, held from 2009 to 2020, featured cultural events, art exhibitions, film screenings, and parties","Shanghai, China","Tiffany Lemay, Hannah Miller, Shanghai LGBT community",Annually,"Organized by volunteers, initially framed as a private festival without a public parade to avoid official attention, celebrated 10th year in 2018, ended in 2020",,,,,,,,,,,,,,,,,Shanghai Pride
Shanghai Queer Film Festival,2017,"Annual LGBT film festival in Shanghai, founded in 2017, volunteer-run, focuses on Asian film, promotes diversity and dialogue","Shanghai, China","Tingting Shi, Yu Jing",Annually,"First held in September 2017, aims to showcase queer Asian characters, encourage discussion on queer culture in the East, represents diversity in love and freedom",,,,,,,,,,,,,,,,,Shanghai Queer Film Festival
ShanghaiPRIDE Film Festival,2015,"Established to promote tolerance for the LGBT community through film, part of ShanghaiPRIDE, free screenings, workshops, and discussions","Shanghai, China","Filmmakers, Shanghai arts scene",Annually in June,"Launched in 2015, supports new queer Chinese filmmaking talent, part of ShanghaiPRIDE, features workshops and panel discussions",,,,,,,,,,,,,,,,,ShanghaiPRIDE Film Festival
Sofia Pride,2008,"Peaceful march of LGBT individuals and allies, combines social and political protest with entertainment, held since 2008, inspired by Stonewall riots, significant human rights demonstration in Bulgaria","Sofia, Bulgaria","BGO Gemini, ""Action"" organization, volunteers, NGOs",Annually in June,"First parade in 2008, held on same date as Stonewall riots, legalizing same-sex activity in 1968, post-communism gay venues emerged, polarizing event, supported by national and international partners, organized by volunteers and NGOs",,,,,,,,,,,,,,,,,Sofia Pride
The Way OUT West Film Fest,2003,"Showcases gay and lesbian films from around the world, includes Q&A sessions, after-parties, and various events, produced by Closet Cinema, aims to highlight the LGBT experience","Albuquerque, New Mexico and Santa Fe, New Mexico",Closet Cinema,Annually in late September to early October,"Founded in 2003, expanded to Santa Fe, concurrent screenings in Albuquerque and Santa Fe, films from various genres and origins, selection process through private screenings and film festivals",,,,,,,,,,,,,,,,,Southwest Gay and Lesbian Film Festival
Split Pride,2011,"Second LGBT pride event in Croatia after Zagreb, organized by NGOs Kontra, Iskorak, and feminist organization 'Dominoes', faced violent opposition from anti-gay protesters, led to cancellation of the event, sparked support for LGBT community","Split, Croatia","NGOs Kontra, Iskorak, feminist organization 'Dominoes'",Annually,"First event in 2011, concerns about public reaction in conservative city, 300 participants, police accused of inadequate protection, violent riot with 10,000 anti-gay protesters, activists led to safety, support campaign led to Zagreb Pride participation, meeting with President Ivo Josipović, 10th Zagreb Pride march with 4,000 participants, largest Pride rally in Croatia at the time, peaceful event with police protection",,,,,,,,,,,,,,,,,Split Pride
Swansea Pride,2009,"South West Wales LGBT festival, first event in 2009, organised by local LGBT individuals, raised money for Terrence Higgins Trust, became a registered charity in 2010","Swansea, Wales","Gayswansea.com, local volunteers",Annually,"First event in 2009, successful fundraising for charity, transition to registered charity in 2010, name change to Spectrum South West Wales in 2013, cancellation in 2015 due to financial difficulties, revival in 2016 with new volunteers",,,,,,,,,,,,,,,,,Swansea Pride
Sápmi Pride,2014,"Pride festival with Sápmi focus, organized by Queering Sápmi, features performances, workshops, and parades in different Sápmi regions","Kiruna, Lapland, Karasjok, Inari, Östersund",Queering Sápmi,Annually,"Started in 2014 in Kiruna, Lapland, traveled to Karasjok, Inari, and Östersund in subsequent years, showcases Sápmi culture and LGBTQ+ visibility",,,,,,,,,,,,,,,,,S谩pmi Pride
Taiwan Pride,2003,"Largest LGBTQ pride parade in East Asia, held in Taipei, attracts over 200,000 participants, organized by Taiwan LGBT Pride Community","Taipei, Taiwan",Taiwan LGBT Pride Community,Annually in October,"First held in 2003, largest pride event in Asia, social movement focus, little corporate sponsorship, shares road with traffic and bystanders",,,,,,,,,,,,,,,,,Taiwan Pride
Teddy Award,1987,"International film award for LGBT-themed films, presented by independent jury, part of Berlinale, founded by Wieland Speck and Manfred Salzgeber, named after teddy bear trophy","Berlin, Germany","Wieland Speck, Manfred Salzgeber",Annually during Berlin International Film Festival,"Founded in 1987, initially named Teddy Bear Award, awarded to feature, short, and documentary films, celebrated 30th anniversary with ""Teddy30"" lineup in 2016",,,,,,,,,,,,,,,,,Teddy Award
Tel Aviv Pride,1993,"Largest LGBTQ Parade in Asia, attracts over 250,000 attendees, marks progress of gay rights in Israel from criminalization to decriminalization in 1988, first Pride event in 1993","Tel Aviv, Israel","LGBTQ community, organizers",Annually in June,"First Pride Parade in 1993, attracts 200,000+ participants, significant event in LGBTQ rights movement in Israel",,,,,,,,,,,,,,,,,Tel Aviv Pride
Transgender Awareness Week,N/A,"One-week celebration leading up to Transgender Day of Remembrance (TDoR) on November 20, educates about transgender and gender non-conforming individuals, hosts educational events, first week of November typically features third-party events, second week focuses on main central venue",Global,"Transgender advocates, community organizers",Annually in November,"Educational events include movie screenings (e.g., Paris is Burning), personal testimonies, discussions on trans-themed books, art shows, and performances, expanded to month-long celebration in San Francisco in 2018, commendations by San Francisco Board of Supervisors in 2019",,,,,,,,,,,,,,,,,Transgender Awareness Week
Transgender Day of Remembrance,1999,"Memorializes those murdered due to transphobia, founded to draw attention to violence against transgender individuals, Gwendolyn Ann Smith among founders",Global,"Gwendolyn Ann Smith, small group",Annually on Nov 20,"Founded in response to Rita Hester's murder, observed in over 185 cities in 2010, includes reading of names of victims, various memorial activities",,,,,,,,,,,,,,,,,Transgender Day of Remembrance
Twin Cities Pride,1972,"Nonprofit organization hosting LGBT celebration, features pride parade, festival, and block party, draws nearly 400,000 attendees, named after Ashley Rukes, began as 50-person protest march in 1972","Minneapolis and St. Paul, Minnesota","LGBT community, Ashley Rukes",Annually in June,"Inception as protest march in 1972, expansion of events in 1990s, name changes to include bisexual and transgender, addition of music stages in mid-1990s, diverse activities in mid-2010s",,,,,,,,,,,,,,,,,Twin Cities Pride
UK Black Pride,2005,"Europe's largest celebration for African, Asian, Middle Eastern, Latin American, and Caribbean heritage LGBTQ+ individuals, founded by Phyllis Akua Opoku-Gyimah, attracts nearly 8,000 annually","London, England",Phyllis Akua Opoku-Gyimah,Annually,"Started in 2005 as a day trip to Southend-on-Sea, approximately 7,500 attendees in 2018, partnered with Stonewall in 2019, featured in British Vogue interview in 2019",,,,,,,,,,,,,,,,,UK Black Pride
Utah Pride Festival,1977,"Celebrates Utah's diversity and LGBTQ+ community, includes parade, film festival, Dyke March, interfaith service, charity run, and related events","Salt Lake City, Utah","Utah Pride Center, Salt Lake Coalition for Human Rights, Affirmation: LGBTQ Mormons, Families, & Friends, Utah Pride Inc.",Annually in June,"Started in 1977, evolved from a three-day conference, various activities and speakers, significant LGBTQ+ organizations involved",,,,,,,,,,,,,,,,,Utah Pride Festival
Varese Pride,2016,"Pride parade in Varese, Italy, one of three in Lombardy, member of InterPride and EPOA, first event had 3,000 participants","Varese, Italy",Arcigay Varese,Annually,"First event in 2016, patronage from various organizations except Municipality of Varese, slogan ""Esistiamo"" meaning Resist and exist",,,,,,,,,,,,,,,,,Varese Pride
Vienna Pride,1982,"Austrian pride parade, Rainbow Parade on Vienna Ring Road, first event in 1982, organised by HOSI Wien, established as regular event in 1996, managed by CSD Wien until 2001, currently organised by HOSI Wien","Vienna, Austria","HOSI Wien, Austrian Lesbian and Gay Forum, CSD Wien, HOSI Vienna",Annually in June/July,"First gay rights festival in 1982, first Pride parade in 1984, Europride host in 2001 and 2019, Vienna Pride Village, Vienna Pride Run started in 2018",,,,,,,,,,,,,,,,,Vienna Pride
March against Homophobia and Transphobia,2003,"LGBT pride parade and demonstration in Ankara, Turkey, held annually to mark the end of Ankara pride week, participants gather in Cebeci, important public space in Ankara","Ankara, Turkey","LGBT community, local supporters",Annually in June-July,"First event in 2003, occurs on last Sunday of June or first Sunday of July, aims to raise awareness about LGBT rights, part of Ankara's cultural events",,,,,,,,,,,,,,,,,Walking against Homophobia and Transphobia
World Outgames,2006,"Sporting and cultural event open to all, licensed by the Gay and Lesbian International Sport Association, separate from the Gay Games, 18,599 participants in 2006","Montreal, Quebec, Canada","Gay and Lesbian International Sport Association, Montreal, Quebec, Canada, various sponsors",Held once in 2006,"Developed as a response to the 2006 Gay Games controversy, held in Montreal with significant international participation",,,,,,,,,,,,,,,,,World OutGames
WorldPride,2000,"Promotes LGBTQ issues internationally, organized by InterPride, host cities selected annually, largest LGBTQ Pride event for the year",Global,"InterPride, member organizations",Varies,"Inaugural event in Rome faced controversy due to opposition from the Vatican and conservative politicians, significant impact on LGBTQ visibility and advocacy efforts",,,,,,,,,,,,,,,,,WorldPride
Zagreb Pride,2002,"First successful pride march in Southeast Europe, inspired by Stonewall Riots and Gay Liberation Front, self-identified as LGBTIQ+ march, name changed in 2003, organized by volunteer-based committee, supported by various organizations, member of InterPride, EPOA, IGLYO, ILGA-Europe, founding member of Center for LGBT Equality, funded by City of Zagreb and international organizations","Zagreb, Croatia","Volunteer-based committee, Multimedia Institute, Iskorak, Kontra, CMS, InterPride, EPOA, IGLYO, ILGA-Europe, Center for LGBT Equality",Annually,"First march in 2002, name change in 2003, logistical support from various organizations, establishment of NGO in 2008, member of multiple LGBT organizations, founding member of national LGBT association, funding sources, annual march and Pride Week events since 2011",,,,,,,,,,,,,,,,,Zagreb Pride
