Date,Casualties,Perpetrator,Attack Method,Related Events,Location,Locations,13 July 2018,1 July 2018,11 July 2018,9 July 2018,12 July 2018,31 January 2016,21 February 2016,trigger
,,,,,,,"Suicide bomber Abu Bakar al-Pakistani (identified as Hafeez Nawaz) at Balochistan Awami Party rally for Siraj Raisani, one of the deadliest attacks in Pakistani history",Bombing at office of Pakistan Movement of Justice's candidate Malik Aurangjeb Khan,Bombing at election campaign of Muttahida Majlis-e-Amal's candidate Shein Malik,Suicide bombing at election rally of Awami National Party's leader Haroon Bilour,Balochistan Awami Party's office attacked with gunfire and bomb detonation,,,13 July 2018 Pakistan bombings
14 October 2017,"587 killed, 316 injured",Al-Shabaab (suspected),Truck bombings,"Deadliest terrorist attack in Somalia's history, second deadliest in African history, third deadliest bombing attack globally, two truck bombings in Hodan District, intended target secure compound, third explosives-laden truck captured, no official claim of responsibility, key member of cell implicates Al-Shabaab, Somali president declares three days of mourning, context of drought and food shortage in East Africa in 2011","Mogadishu, Somalia",,,,,,,,,14 October 2017 Mogadishu bombings
19 December 2016,"12 dead, 56 injured",Anis Amri,Vehicle-ramming,"Attack at Christmas market, Kaiser Wilhelm Memorial Church, Breitscheidplatz, truck driver Łukasz Urban found shot dead, truck stopped by automatic brakes, Amri killed in shootout near Milan, ISIS claim of responsibility, video of Amri pledging allegiance to Abu Bakr al-Baghdadi, heightened Islamist terrorist activity in Europe, similar attacks in 2016 linked to ISIS, Brussels bombings, Nice truck attack, Würzburg train stabbing, Ansbach music festival bombing, Normandy church attack","Berlin, Germany",,,,,,,,,2016 Berlin truck attack
22 March 2016,"32 civilians and 3 perpetrators killed, 300+ injured",Islamic State of Iraq and the Levant,Suicide bombings,"Coordinated terrorist attack, involvement of terrorist cell from Paris attacks, deadliest attack in Belgium since World War II, national mourning declared, Belgium's participation in military intervention against ISIL, warning of retaliatory attacks by ISIL leader, high number of Belgian fighters in Syria and Iraq, Belgium's challenges with security and intelligence agencies",,"Brussels, Belgium (Brussels Airport and Maalbeek metro station)",,,,,,,,2016 Brussels bombings
3 July 2016,"340 killed, hundreds injured",ISIL militants,Coordinated bomb attacks,"Suicide truck-bomb in Karrada district, roadside bomb in Sha'ab suburb, claim of responsibility by ISIL, arrest of Ghazwan al-Zawbaee, distraction from Fallujah battle, previous bombings in Baghdad, calls for increased attacks during Ramadan, use of refrigerator truck, aftermath of attacks","Baghdad, Iraq",,,,,,,,,2016 Karrada bombing
14 July 2016,"86 dead, 458 injured",Mohamed Lahouaiej-Bouhlel,Vehicle-ramming,"Bastille Day attack on Promenade des Anglais, Islamic State claim of responsibility, police shootout resulting in death of perpetrator, French President's response, extension of state of emergency, national mourning, arrests and charges of accomplices, Europol classification as jihadist terrorism","Nice, France",,,,,,,,,2016 Nice truck attack
15 April 2017,"At least 126 killed, including 80 children",Unknown,Car bomb detonation,"Car bomb near a convoy of buses carrying civilian evacuees from al-Fu'ah and Kafriya, part of an evacuation deal brokered by Syrian government, Iran, and Qatar, targeting Shia communities supported by the government, surrounded by rebel fighters, attack in al-Rashideen neighbourhood, buses guarded by rebel fighters, implementation by Syrian Arab Red Crescent, agreement to transport residents to different provinces, attack details and casualties","Aleppo, Syria",,,,,,,,,2017 Aleppo suicide car bombing
17 August 2017,"14 dead, at least 136 injured",Younes Abouyaaqoub and accomplices,"Vehicle-ramming, stabbing","Attack on La Rambla in Barcelona, second attack in Cambrils, explosion in Alcanar, police shootings, accidental detonation of gas canisters, Prime Minister's statement, Amaq News Agency attribution to Islamic State, deadliest attacks in Spain since 2004 Madrid train bombings and 1987 Hipercor bombing, death of Abouyaaqoub, conspiracy theory regarding intelligence service awareness","Barcelona, Catalonia, Spain",,,,,,,,,2017 Barcelona attacks
3 June 2017,"8 dead, 48 injured",Radical Islamic terrorists,"Vehicle-ramming, stabbing","Attack on London Bridge and Borough Market, perpetrators shot dead, fake explosive vests, Islamic State claim of responsibility, previous attacks in Westminster and Manchester, raised terror threat level in the UK","London, England",,,,,,,,,2017 London Bridge attack
24 November 2017,"311 killed, at least 128 injured",Approximately 40 gunmen,"Shooting, bombings, rocket-propelled grenades","Deadliest attack in Egyptian history, second-deadliest terrorist attack of 2017, targeted Sufi mosque during Friday prayers, condemned by world leaders, attackers used off-road vehicles, planted bombs, and ambushed ambulances","Al-Rawda mosque, Al-Rawda, Egypt",,,,,,,,,2017 Sinai mosque attack
7 April 2017,"5 dead, 14 injured",Rakhmat Akilov,Vehicle-ramming,"Islamist terrorist attack with hijacked truck on Drottninggatan, crash into Åhléns department store, perpetrator's allegiance to Islamic State, apprehension of Akilov, self-recorded video pledging allegiance, conviction, sentencing, choice of attack time, specific details of the attack, including targeting of children, hijacking of Spendrups truck, and impact on pedestrians","Stockholm, Sweden",,,,,,,,,2017 Stockholm truck attack
7 June 2017,"17 dead, 43 wounded",Islamic State of Iraq and the Levant,Shootings,"First major terror attack in Iran since 2010, first terrorist attacks in Tehran in over a decade, foiled third attack, identification of five militants, accusations against American, Israeli, and Saudi governments, demands from Riyadh, state funeral, killing of operational commander, IRGC missile strike on ISIL headquarters",,"Tehran, Iran (Parliament building and Mausoleum of Ruhollah Khomeini)",,,,,,,,2017 Tehran attacks
25 July 2018,"At least 258 killed, 180 injured",Islamic State of Iraq and the Levant,"Suicide bombings, gun attacks","Attacks targeting Syria's Druze minority, assault on defensive positions, detonation of explosive vests, suicide attacks in Suweida, temporary control of settlements, local defense efforts, involvement of Druze militias, public hanging of captured ISIL fighters, updated casualty figures","As-Suwayda, Syria",,,,,,,,,2018 As-Suwayda attacks
27 January 2018,"103 killed, 235 wounded",Taliban,Vehicle-borne improvised explosive device,"Third major attack in seven days, explosion near interior ministry building, heavily-guarded street, powerful shock felt around the capital, collapse of buildings, destruction of façades, proximity to Jamhuriat Hospital, government offices, businesses, and school, attack on Chicken Street, use of ambulance as disguise, detonation at second police checkpoint, destruction of vehicles, shops, and buildings, description as a ""massacre"", driver detonated bomb at checkpoint, queuing of relatives at city morgue","Kabul, Afghanistan",,,,,,,,,2018 Kabul ambulance bombing
11 December 2018,"5 dead, 11 wounded",Chérif Chekatt,"Shooting, stabbing","Terrorist attack at Christkindelsmärik Christmas market, attacker killed in shootout, pledged allegiance to ISIL, historical significance of market, foiled bombing plot in 2000, previous arrests for terrorist planning, police raid on Chekatt's home, attack details and locations","Strasbourg, France",,,,,,,,,2018 Strasbourg attack
21 April 2019,"269 killed, at least 500 injured",National Thowheeth Jama'ath,Suicide bombings,"Second wave of attacks planned, stopped by government raids, association with NTJ, suspected foreign ties, retaliation for Christchurch mosque shootings, stockpiling of explosives, Amaq News Agency claim of ISIL involvement, Abu Bakr al-Baghdadi praise",,"Three churches in Sri Lanka (Negombo, Batticaloa, Colombo), three luxury hotels in Colombo, housing complex in Dematagoda, guest house in Dehiwala",,,,,,,,2019 Sri Lanka Easter bombings
2 November 2020,"4 dead, 23 injured",ISIL sympathizer,Shooting,"Lone gunman shooting in Vienna city center, incident of Islamist terrorism, COVID-19 lockdown imminent, attacker armed with rifle, handgun, and machete, wearing fake explosive belt, shot dead by police near St. Rupert's Church, victims identified, response by law enforcement, timing of attack before curfew and lockdown, nationalities of victims and wounded, critical injuries suffered, specific locations of shootings","Vienna, Austria (Seitenstettengasse, Morzinplatz, Salzgries, Fleischmarkt, Bauernmarkt, Graben)",,,,,,,,,2020 Vienna attack
26 August 2021,"183 killed (including 170 Afghan civilians and 13 US military members), 10 Afghan civilians killed in a subsequent drone strike",Islamic State – Khorasan Province,Suicide bombing,"First American military casualties in Afghanistan since February 2020, US airstrike against IS-KP members, drone strike targeting Afghan aid worker, security concerns after Taliban takeover, warnings of terrorist attack, evacuation from Afghanistan","Kabul, Afghanistan",,,,,,,,,2021 Kabul airport attack
4-6 January 2022,Over 200 killed,Bandits,"Gunmen on motorcycles, looting, burning homes","Deadliest terrorist attack in recent Nigerian history, part of the Nigerian bandit conflict, linked to farmer-herder conflicts and Boko Haram insurgency, ongoing attacks in northwestern states, mass kidnappings, massacres, government airstrikes prior to attacks, bandits designated as terrorists, raid on cattle leading to gunfight, siege on towns, military intervention","Zamfara State, Nigeria",,,,,,,,,2022 Zamfara massacres
,,,,,,,,,,,,"Second attack on Sayyidah Zaynab Mosque, targeting Shi'ite town, claims of responsibility, previous attacks in February 2015","Third attack near Sayyidah Zaynab Mosque, high casualties, attack details, claims of responsibility",February 2016 Sayyidah Zaynab bombings
11 January 2016,"132 killed, 19 injured",Islamic State of Iraq and the Levant,"Car bombings, hostage-taking, suicide bombing","Attacks on Al-Jawhara shopping mall, cafe in Muqdadiyah, tea shop, and mosque in Sharaban, hostages taken, Sunni homes and mosque set on fire, multiple explosions, ISIL claim of responsibility",,"Baghdad and Miqdadiyah, Iraq",,,,,,,,January 2016 Iraq attacks
22 May 2017,"23 dead, 1,017 injured",Salman Ramadan Abedi,Suicide bombing,"Islamist extremist suicide bombing at Manchester Arena following Ariana Grande concert, deadliest terrorist attack in the UK since 2005 London bombings, Abedi largely acted alone, brother Hashem Abedi found guilty, initial suspicions of terrorist network, Abedi reported to security before attack, explosive device packed with shrapnel, attack during Dangerous Woman Tour concert, incident declared as a terrorist attack and suicide bombing","Manchester, England",,,,,,,,,Manchester Arena bombing
17 May 2016,"101 killed, 194 injured",Islamic State of Iraq and the Levant,"Suicide bombings, car bombings, bomb blasts","Series of bombings in Baghdad, targeting Shia neighborhoods, multiple locations hit, high death toll and injuries, ISIL claim of responsibility, preceding attacks in Taji, wave of attacks in the region",,"Baghdad, Iraq (Sha'ab, Sadr City, al-Rashid, Dora, Habibiya, al-Amin)",,,,,,,,May 2016 Baghdad bombings
23 May 2016,"184 killed, at least 200 injured",Islamic State of Iraq and the Levant,Bombings,"Attacks on Jableh National Hospital and bus station in Tartus, doctors and nurses among the dead, bombings in government-controlled territory with Russian military bases, accusations against Qatar, Saudi Arabia, and Turkey, attacks in relatively peaceful areas, facilities no longer operational",,"Jableh and Tartus, Syria",,,,,,,,May 2016 Jableh and Tartous bombings
31 May 2017,"Over 150 killed, 413 injured",Haqqani Network (suspected),Truck bomb explosion,"Deadliest terror attack in Kabul, near German embassy, mostly civilians affected, damage to buildings, Afghan Taliban suspected but denied involvement, NATO-supported Afghan Government, Taliban and Islamic State attacks in preceding months, potential US troop deployment, vacuum truck with 1,500 kg of explosives detonated during rush hour at Zanbaq Square","Kabul, Afghanistan",,,,,,,,,May 2017 Kabul attack
24 November 2016,"At least 125 killed, many injured",Islamic State of Iraq and the Levant,Suicide truck bombing,"Attack on Shia pilgrims returning from Arba'een Pilgrimage, explosion at petrol station, part of series of bombings in Baghdad, bomb packed with 500 liters of ammonium nitrate, significance in context of Mosul offensive","Hillah, Iraq",,,,,,,,,November 2016 Hillah suicide truck bombing
